,round_epochs,val_loss,val_acc,loss,acc,batch_size,epochs,lr,optimizer,losses
0,15,0.5478848906449336,0.7846346555373365,0.5598617476054197,0.7737813635211624,32,15,0.0001,<class 'keras.optimizers.Adam'>,categorical_crossentropy
1,15,0.7409963064004583,0.7118997912317327,0.7585274930293838,0.7015009433713386,32,15,1e-05,<class 'keras.optimizers.RMSprop'>,categorical_crossentropy
2,15,0.439788387623112,0.8306576200417537,0.39742461112604954,0.8428620709076061,32,15,0.01,<class 'keras.optimizers.Adam'>,categorical_crossentropy
3,15,0.7519953756591223,0.7118997912317327,0.7662476237897606,0.7015009433713386,32,15,1e-05,<class 'keras.optimizers.Adam'>,categorical_crossentropy
4,15,0.4380033930159312,0.8310229645093946,0.3949318073146738,0.844076483341511,32,15,0.01,<class 'keras.optimizers.RMSprop'>,categorical_crossentropy
5,15,0.5508713689228687,0.7809081419624218,0.560510437667348,0.7721445467618373,32,15,0.0001,<class 'keras.optimizers.RMSprop'>,categorical_crossentropy
6,15,0.45650688549919766,0.8228914404960664,0.4410964330082754,0.8260503787542,32,15,0.001,<class 'keras.optimizers.Adam'>,categorical_crossentropy
7,15,0.4575942268700092,0.8225782880952314,0.4429171675697268,0.8249310072951932,32,15,0.001,<class 'keras.optimizers.RMSprop'>,categorical_crossentropy
