,round_epochs,val_loss,val_acc,loss,acc,batch_size,epochs,lr,optimizer,losses
0,15,0.45494585831130474,0.8247703549060543,0.4463847327100096,0.8255962941077302,32,15,0.0001,<class 'keras.optimizers.Adam'>,categorical_crossentropy
1,15,0.7208710619950345,0.7189144050154158,0.7260993503885735,0.7067387570048718,32,15,1e-05,<class 'keras.optimizers.RMSprop'>,categorical_crossentropy
2,15,0.7124795984674346,0.7383507306839578,0.728592580471099,0.7283341781403057,32,15,1e-05,<class 'keras.optimizers.Adam'>,categorical_crossentropy
3,15,0.4628345977737411,0.8205741127298869,0.4546341194887229,0.8224282616670779,32,15,0.0001,<class 'keras.optimizers.RMSprop'>,categorical_crossentropy
4,15,0.39251884542825577,0.8502713987523678,0.21864986591596455,0.9178212384878036,32,15,0.01,<class 'keras.optimizers.RMSprop'>,categorical_crossentropy
5,15,0.3837696246837027,0.8528601252659378,0.1948279069713993,0.9296274393833008,32,15,0.01,<class 'keras.optimizers.Adam'>,categorical_crossentropy
6,15,0.397777281041434,0.8405010438463135,0.32234253765465104,0.8748380783436007,32,15,0.001,<class 'keras.optimizers.Adam'>,categorical_crossentropy
7,15,0.39724395963244746,0.8415762004225139,0.3311290730660905,0.8705858748010364,32,15,0.001,<class 'keras.optimizers.RMSprop'>,categorical_crossentropy
